Prestamo_ID,Genero,Estado_Civil,Hijos,Educacion,Autonomo,Ingreso_Titular,Ingreso_Garante,Prestamo_Monto,Prestamo_Plazo,Historial_Crediticio,Zona_Propiedad,Prestamo_Estado
PR001003,Masculino,Y,1,Graduado,N,4583,1508.0,128.0,360.0,1.0,Rural,N
PR001005,Masculino,Y,0,Graduado,Y,3000,0.0,66.0,360.0,1.0,Urbana,Y
PR001006,Masculino,Y,0,No Graduado,N,2583,2358.0,120.0,360.0,1.0,Urbana,Y
PR001008,Masculino,N,0,Graduado,N,6000,0.0,141.0,360.0,1.0,Urbana,Y
PR001013,Masculino,Y,0,No Graduado,N,2333,1516.0,95.0,360.0,1.0,Urbana,Y
PR001024,Masculino,Y,2,Graduado,N,3200,700.0,70.0,360.0,1.0,Urbana,Y
PR001027,Masculino,Y,2,Graduado,,2500,1840.0,109.0,360.0,1.0,Urbana,Y
PR001029,Masculino,N,0,Graduado,N,1853,2840.0,114.0,360.0,1.0,Rural,N
PR001030,Masculino,Y,2,Graduado,N,1299,1086.0,17.0,120.0,1.0,Urbana,Y
PR001032,Masculino,N,0,Graduado,N,4950,0.0,125.0,360.0,1.0,Urbana,Y
PR001034,Masculino,N,1,No Graduado,N,3596,0.0,100.0,240.0,,Urbana,Y
PR001036,Femenino,N,0,Graduado,N,3510,0.0,76.0,360.0,0.0,Urbana,N
PR001038,Masculino,Y,0,No Graduado,N,4887,0.0,133.0,360.0,1.0,Rural,N
PR001041,Masculino,Y,0,Graduado,,2600,3500.0,115.0,,1.0,Urbana,Y
PR001043,Masculino,Y,0,No Graduado,N,7660,0.0,104.0,360.0,0.0,Urbana,N
PR001047,Masculino,Y,0,No Graduado,N,2600,1911.0,116.0,360.0,0.0,SemiUrbana,N
PR001050,,Y,2,No Graduado,N,3365,1917.0,112.0,360.0,0.0,Rural,N
PR001068,Masculino,Y,0,Graduado,N,2799,2253.0,122.0,360.0,1.0,SemiUrbana,Y
PR001073,Masculino,Y,2,No Graduado,N,4226,1040.0,110.0,360.0,1.0,Urbana,Y
PR001086,Masculino,N,0,No Graduado,N,1442,0.0,35.0,360.0,1.0,Urbana,N
PR001087,Femenino,N,2,Graduado,,3750,2083.0,120.0,360.0,1.0,SemiUrbana,Y
PR001095,Masculino,N,0,Graduado,N,3167,0.0,74.0,360.0,1.0,Urbana,N
PR001097,Masculino,N,1,Graduado,Y,4692,0.0,106.0,360.0,1.0,Rural,N
PR001098,Masculino,Y,0,Graduado,N,3500,1667.0,114.0,360.0,1.0,SemiUrbana,Y
PR001109,Masculino,Y,0,Graduado,N,1828,1330.0,100.0,,0.0,Urbana,N
PR001112,Femenino,Y,0,Graduado,N,3667,1459.0,144.0,360.0,1.0,SemiUrbana,Y
PR001116,Masculino,N,0,No Graduado,N,3748,1668.0,110.0,360.0,1.0,SemiUrbana,Y
PR001119,Masculino,N,0,Graduado,N,3600,0.0,80.0,360.0,1.0,Urbana,N
PR001120,Masculino,N,0,Graduado,N,1800,1213.0,47.0,360.0,1.0,Urbana,Y
PR001123,Masculino,Y,0,Graduado,N,2400,0.0,75.0,360.0,,Urbana,Y
PR001131,Masculino,Y,0,Graduado,N,3941,2336.0,134.0,360.0,1.0,SemiUrbana,Y
PR001136,Masculino,Y,0,No Graduado,Y,4695,0.0,96.0,,1.0,Urbana,Y
PR001137,Femenino,N,0,Graduado,N,3410,0.0,88.0,,1.0,Urbana,Y
PR001138,Masculino,Y,1,Graduado,N,5649,0.0,44.0,360.0,1.0,Urbana,Y
PR001144,Masculino,Y,0,Graduado,N,5821,0.0,144.0,360.0,1.0,Urbana,Y
PR001146,Femenino,Y,0,Graduado,N,2645,3440.0,120.0,360.0,0.0,Urbana,N
PR001151,Femenino,N,0,Graduado,N,4000,2275.0,144.0,360.0,1.0,SemiUrbana,Y
PR001155,Femenino,Y,0,No Graduado,N,1928,1644.0,100.0,360.0,1.0,SemiUrbana,Y
PR001157,Femenino,N,0,Graduado,N,3086,0.0,120.0,360.0,1.0,SemiUrbana,Y
PR001164,Femenino,N,0,Graduado,N,4230,0.0,112.0,360.0,1.0,SemiUrbana,N
PR001179,Masculino,Y,2,Graduado,N,4616,0.0,134.0,360.0,1.0,Urbana,N
PR001194,Masculino,Y,2,Graduado,N,2708,1167.0,97.0,360.0,1.0,SemiUrbana,Y
PR001195,Masculino,Y,0,Graduado,N,2132,1591.0,96.0,360.0,1.0,SemiUrbana,Y
PR001197,Masculino,Y,0,Graduado,N,3366,2200.0,135.0,360.0,1.0,Rural,N
PR001199,Masculino,Y,2,No Graduado,N,3357,2859.0,144.0,360.0,1.0,Urbana,Y
PR001205,Masculino,Y,0,Graduado,N,2500,3796.0,120.0,360.0,1.0,Urbana,Y
PR001206,Masculino,Y,3+,Graduado,N,3029,0.0,99.0,360.0,1.0,Urbana,Y
PR001222,Femenino,N,0,Graduado,N,4166,0.0,116.0,360.0,0.0,SemiUrbana,N
PR001228,Masculino,N,0,No Graduado,N,3200,2254.0,126.0,180.0,0.0,Urbana,N
PR001238,Masculino,Y,3+,No Graduado,Y,7100,0.0,125.0,60.0,1.0,Urbana,Y
PR001241,Femenino,N,0,Graduado,N,4300,0.0,136.0,360.0,0.0,SemiUrbana,N
PR001245,Masculino,Y,2,No Graduado,Y,1875,1875.0,97.0,360.0,1.0,SemiUrbana,Y
PR001248,Masculino,N,0,Graduado,N,3500,0.0,81.0,300.0,1.0,SemiUrbana,Y
PR001250,Masculino,Y,3+,No Graduado,N,4755,0.0,95.0,,0.0,SemiUrbana,N
PR001255,Masculino,N,0,Graduado,N,3750,0.0,113.0,480.0,1.0,Urbana,N
PR001259,Masculino,Y,1,Graduado,Y,1000,3022.0,110.0,360.0,1.0,Urbana,N
PR001264,Masculino,Y,3+,No Graduado,Y,3333,2166.0,130.0,360.0,,SemiUrbana,Y
PR001265,Femenino,N,0,Graduado,N,3846,0.0,111.0,360.0,1.0,SemiUrbana,Y
PR001275,Masculino,Y,1,Graduado,N,3988,0.0,50.0,240.0,1.0,Urbana,Y
PR001279,Masculino,N,0,Graduado,N,2366,2531.0,136.0,360.0,1.0,SemiUrbana,Y
PR001280,Masculino,Y,2,No Graduado,N,3333,2000.0,99.0,360.0,,SemiUrbana,Y
PR001282,Masculino,Y,0,Graduado,N,2500,2118.0,104.0,360.0,1.0,SemiUrbana,Y
PR001316,Masculino,Y,0,Graduado,N,2958,2900.0,131.0,360.0,1.0,SemiUrbana,Y
PR001319,Masculino,Y,2,No Graduado,N,3273,1820.0,81.0,360.0,1.0,Urbana,Y
PR001322,Masculino,N,0,Graduado,N,4133,0.0,122.0,360.0,1.0,SemiUrbana,Y
PR001325,Masculino,N,0,No Graduado,N,3620,0.0,25.0,120.0,1.0,SemiUrbana,Y
PR001327,Femenino,Y,0,Graduado,N,2484,2302.0,137.0,360.0,1.0,SemiUrbana,Y
PR001333,Masculino,Y,0,Graduado,N,1977,997.0,50.0,360.0,1.0,SemiUrbana,Y
PR001334,Masculino,Y,0,No Graduado,N,4188,0.0,115.0,180.0,1.0,SemiUrbana,Y
PR001343,Masculino,Y,0,Graduado,N,1759,3541.0,131.0,360.0,1.0,SemiUrbana,Y
PR001345,Masculino,Y,2,No Graduado,N,4288,3263.0,133.0,180.0,1.0,Urbana,Y
PR001367,Masculino,Y,1,Graduado,N,3052,1030.0,100.0,360.0,1.0,Urbana,Y
PR001370,Masculino,N,0,No Graduado,,7333,0.0,120.0,360.0,1.0,Rural,N
PR001384,Masculino,Y,3+,No Graduado,N,2071,754.0,94.0,480.0,1.0,SemiUrbana,Y
PR001385,Masculino,N,0,Graduado,N,5316,0.0,136.0,360.0,1.0,Urbana,Y
PR001387,Femenino,Y,0,Graduado,,2929,2333.0,139.0,360.0,1.0,SemiUrbana,Y
PR001398,Masculino,N,0,Graduado,,5050,0.0,118.0,360.0,1.0,SemiUrbana,Y
PR001405,Masculino,Y,1,Graduado,N,2214,1398.0,85.0,360.0,,Urbana,Y
PR001430,Femenino,N,0,Graduado,N,4166,0.0,44.0,360.0,1.0,SemiUrbana,Y
PR001431,Femenino,N,0,Graduado,N,2137,8980.0,137.0,360.0,0.0,SemiUrbana,Y
PR001432,Masculino,Y,2,Graduado,N,2957,0.0,81.0,360.0,1.0,SemiUrbana,Y
PR001443,Femenino,N,0,Graduado,N,3692,0.0,93.0,360.0,,Rural,Y
PR001473,Masculino,N,0,Graduado,N,2014,1929.0,74.0,360.0,1.0,Urbana,Y
PR001478,Masculino,N,0,Graduado,N,2718,0.0,70.0,360.0,1.0,SemiUrbana,Y
PR001482,Masculino,Y,0,Graduado,Y,3459,0.0,25.0,120.0,1.0,SemiUrbana,Y
PR001487,Masculino,N,0,Graduado,N,4895,0.0,102.0,360.0,1.0,SemiUrbana,Y
PR001489,Femenino,Y,0,Graduado,N,4583,0.0,84.0,360.0,1.0,Rural,N
PR001491,Masculino,Y,2,Graduado,Y,3316,3500.0,88.0,360.0,1.0,Urbana,Y
PR001493,Masculino,Y,2,No Graduado,N,4200,1430.0,129.0,360.0,1.0,Rural,N
PR001507,Masculino,Y,0,Graduado,N,2698,2034.0,122.0,360.0,1.0,SemiUrbana,Y
PR001514,Femenino,Y,0,Graduado,N,2330,4486.0,100.0,360.0,1.0,SemiUrbana,Y
PR001518,Masculino,Y,1,Graduado,N,1538,1425.0,30.0,360.0,1.0,Urbana,Y
PR001520,Masculino,Y,0,Graduado,N,4860,830.0,125.0,360.0,1.0,SemiUrbana,Y
PR001528,Masculino,N,0,Graduado,N,6277,0.0,118.0,360.0,0.0,Rural,N
PR001532,Masculino,Y,2,No Graduado,N,2281,0.0,113.0,360.0,1.0,Rural,N
PR001535,Masculino,N,0,Graduado,N,3254,0.0,50.0,360.0,1.0,Urbana,Y
PR001546,Masculino,N,0,Graduado,,2980,2083.0,120.0,360.0,1.0,Rural,Y
PR001560,Masculino,Y,0,No Graduado,N,1863,1041.0,98.0,360.0,1.0,SemiUrbana,Y
PR001565,Masculino,Y,1,Graduado,N,3089,1280.0,121.0,360.0,0.0,SemiUrbana,N
PR001572,Masculino,Y,0,Graduado,N,9323,0.0,75.0,180.0,1.0,Urbana,Y
PR001577,Femenino,Y,0,Graduado,N,4583,0.0,112.0,360.0,1.0,Rural,N
PR001578,Masculino,Y,0,Graduado,N,2439,3333.0,129.0,360.0,1.0,Rural,Y
PR001579,Masculino,N,0,Graduado,N,2237,0.0,63.0,480.0,0.0,SemiUrbana,N
PR001581,Masculino,Y,0,No Graduado,,1820,1769.0,95.0,360.0,1.0,Rural,Y
PR001586,Masculino,Y,3+,No Graduado,N,3522,0.0,81.0,180.0,1.0,Rural,N
PR001603,Masculino,Y,0,No Graduado,Y,4344,736.0,87.0,360.0,1.0,SemiUrbana,N
PR001606,Masculino,Y,0,Graduado,N,3497,1964.0,116.0,360.0,1.0,Rural,Y
PR001608,Masculino,Y,2,Graduado,N,2045,1619.0,101.0,360.0,1.0,Rural,Y
PR001616,Masculino,Y,1,Graduado,N,3750,0.0,116.0,360.0,1.0,SemiUrbana,Y
PR001630,Masculino,N,0,No Graduado,N,2333,1451.0,102.0,480.0,0.0,Urbana,N
PR001634,Masculino,N,0,Graduado,N,1916,5063.0,67.0,360.0,,Rural,N
PR001636,Masculino,Y,0,Graduado,N,4600,0.0,73.0,180.0,1.0,SemiUrbana,Y
PR001639,Femenino,Y,0,Graduado,N,3625,0.0,108.0,360.0,1.0,SemiUrbana,Y
PR001641,Masculino,Y,1,Graduado,Y,2178,0.0,66.0,300.0,0.0,Rural,N
PR001643,Masculino,Y,0,Graduado,N,2383,2138.0,58.0,360.0,,Rural,Y
PR001653,Masculino,N,0,No Graduado,N,4885,0.0,48.0,360.0,1.0,Rural,Y
PR001658,Masculino,N,0,Graduado,N,3858,0.0,76.0,360.0,1.0,SemiUrbana,Y
PR001664,Masculino,N,0,Graduado,N,4191,0.0,120.0,360.0,1.0,Rural,Y
PR001669,Femenino,N,0,No Graduado,N,1907,2365.0,120.0,,1.0,Urbana,Y
PR001671,Femenino,Y,0,Graduado,N,3416,2816.0,113.0,360.0,,SemiUrbana,Y
PR001674,Masculino,Y,1,No Graduado,N,2600,2500.0,90.0,360.0,1.0,SemiUrbana,Y
PR001688,Masculino,Y,1,No Graduado,N,3500,1083.0,135.0,360.0,1.0,Urbana,Y
PR001691,Masculino,Y,2,No Graduado,N,3917,0.0,124.0,360.0,1.0,SemiUrbana,Y
PR001692,Femenino,N,0,No Graduado,N,4408,0.0,120.0,360.0,1.0,SemiUrbana,Y
PR001693,Femenino,N,0,Graduado,N,3244,0.0,80.0,360.0,1.0,Urbana,Y
PR001698,Masculino,N,0,No Graduado,N,3975,2531.0,55.0,360.0,1.0,Rural,Y
PR001699,Masculino,N,0,Graduado,N,2479,0.0,59.0,360.0,1.0,Urbana,Y
PR001702,Masculino,N,0,Graduado,N,3418,0.0,127.0,360.0,1.0,SemiUrbana,N
PR001711,Masculino,Y,3+,Graduado,N,3430,1250.0,128.0,360.0,0.0,SemiUrbana,N
PR001715,Masculino,Y,3+,No Graduado,Y,5703,0.0,130.0,360.0,1.0,Rural,Y
PR001716,Masculino,Y,0,Graduado,N,3173,3021.0,137.0,360.0,1.0,Urbana,Y
PR001720,Masculino,Y,3+,No Graduado,N,3850,983.0,100.0,360.0,1.0,SemiUrbana,Y
PR001722,Masculino,Y,0,Graduado,N,150,1800.0,135.0,360.0,1.0,Rural,N
PR001726,Masculino,Y,0,Graduado,N,3727,1775.0,131.0,360.0,1.0,SemiUrbana,Y
PR001732,Masculino,Y,2,Graduado,,5000,0.0,72.0,360.0,0.0,SemiUrbana,N
PR001734,Femenino,Y,2,Graduado,N,4283,2383.0,127.0,360.0,,SemiUrbana,Y
PR001736,Masculino,Y,0,Graduado,N,2221,0.0,60.0,360.0,0.0,Urbana,N
PR001743,Masculino,Y,2,Graduado,N,4009,1717.0,116.0,360.0,1.0,SemiUrbana,Y
PR001744,Masculino,N,0,Graduado,N,2971,2791.0,144.0,360.0,1.0,SemiUrbana,Y
PR001750,Masculino,Y,0,Graduado,N,6250,0.0,128.0,360.0,1.0,SemiUrbana,Y
PR001754,Masculino,Y,,No Graduado,Y,4735,0.0,138.0,360.0,1.0,Urbana,N
PR001765,Masculino,Y,1,Graduado,N,2491,2054.0,104.0,360.0,1.0,SemiUrbana,Y
PR001768,Masculino,Y,0,Graduado,,3716,0.0,42.0,180.0,1.0,Rural,Y
PR001770,Masculino,N,0,No Graduado,N,3189,2598.0,120.0,,1.0,Rural,Y
PR001778,Masculino,Y,1,Graduado,N,3155,1779.0,140.0,360.0,1.0,SemiUrbana,Y
PR001788,Femenino,N,0,Graduado,Y,3463,0.0,122.0,360.0,,Urbana,Y
PR001790,Femenino,N,1,Graduado,N,3812,0.0,112.0,360.0,1.0,Rural,Y
PR001792,Masculino,Y,1,Graduado,N,3315,0.0,96.0,360.0,1.0,SemiUrbana,Y
PR001798,Masculino,Y,2,Graduado,N,5819,5000.0,120.0,360.0,1.0,Rural,Y
PR001800,Masculino,Y,1,No Graduado,N,2510,1983.0,140.0,180.0,1.0,Urbana,N
PR001807,Masculino,Y,2,Graduado,Y,6250,1300.0,108.0,360.0,1.0,Rural,Y
PR001811,Masculino,Y,0,No Graduado,N,3406,4417.0,123.0,360.0,1.0,SemiUrbana,Y
PR001813,Masculino,N,0,Graduado,Y,6050,4333.0,120.0,180.0,1.0,Urbana,N
PR001814,Masculino,Y,2,Graduado,N,9703,0.0,112.0,360.0,1.0,Urbana,Y
PR001819,Masculino,Y,1,No Graduado,N,6608,0.0,137.0,180.0,1.0,Urbana,Y
PR001824,Masculino,Y,1,Graduado,N,2882,1843.0,123.0,480.0,1.0,SemiUrbana,Y
PR001825,Masculino,Y,0,Graduado,N,1809,1868.0,90.0,360.0,1.0,Urbana,Y
PR001836,Femenino,N,2,Graduado,N,3427,0.0,138.0,360.0,1.0,Urbana,N
PR001841,Masculino,N,0,No Graduado,Y,2583,2167.0,104.0,360.0,1.0,Rural,Y
PR001849,Masculino,N,0,No Graduado,N,6045,0.0,115.0,360.0,0.0,Rural,N
PR001854,Masculino,Y,3+,Graduado,N,5250,0.0,94.0,360.0,1.0,Urbana,N
PR001864,Masculino,Y,3+,No Graduado,N,4931,0.0,128.0,360.0,,SemiUrbana,N
PR001868,Masculino,N,0,Graduado,N,2060,2209.0,134.0,360.0,1.0,SemiUrbana,Y
PR001871,Femenino,N,0,Graduado,N,7200,0.0,120.0,360.0,1.0,Rural,Y
PR001872,Masculino,N,0,Graduado,Y,5166,0.0,128.0,360.0,1.0,SemiUrbana,Y
PR001877,Masculino,Y,2,Graduado,N,4708,1387.0,150.0,360.0,1.0,SemiUrbana,Y
PR001883,Femenino,N,0,Graduado,,3418,0.0,135.0,360.0,1.0,Rural,N
PR001884,Femenino,N,1,Graduado,N,2876,1560.0,90.0,360.0,1.0,Urbana,Y
PR001888,Femenino,N,0,Graduado,N,3237,0.0,30.0,360.0,1.0,Urbana,Y
PR001892,Masculino,N,0,Graduado,N,2833,1857.0,126.0,360.0,1.0,Rural,Y
PR001894,Masculino,Y,0,Graduado,N,2620,2223.0,150.0,360.0,1.0,SemiUrbana,Y
PR001896,Masculino,Y,2,Graduado,N,3900,0.0,90.0,360.0,1.0,SemiUrbana,Y
PR001900,Masculino,Y,1,Graduado,N,2750,1842.0,115.0,360.0,1.0,SemiUrbana,Y
PR001904,Masculino,Y,0,Graduado,N,3103,1300.0,80.0,360.0,1.0,Urbana,Y
PR001908,Femenino,Y,0,No Graduado,N,4100,0.0,124.0,360.0,,Rural,Y
PR001914,Masculino,Y,0,Graduado,N,3927,800.0,112.0,360.0,1.0,SemiUrbana,Y
PR001915,Masculino,Y,2,Graduado,N,2301,985.7999877999998,78.0,180.0,1.0,Urbana,Y
PR001917,Femenino,N,0,Graduado,N,1811,1666.0,54.0,360.0,1.0,Urbana,Y
PR001924,Masculino,N,0,Graduado,N,3158,3053.0,89.0,360.0,1.0,Rural,Y
PR001925,Femenino,N,0,Graduado,Y,2600,1717.0,99.0,300.0,1.0,SemiUrbana,N
PR001926,Masculino,Y,0,Graduado,N,3704,2000.0,120.0,360.0,1.0,Rural,Y
PR001931,Femenino,N,0,Graduado,N,4124,0.0,115.0,360.0,1.0,SemiUrbana,Y
PR001936,Masculino,Y,0,Graduado,N,3075,2416.0,139.0,360.0,1.0,Rural,Y
PR001938,Masculino,Y,2,Graduado,N,4400,0.0,127.0,360.0,0.0,SemiUrbana,N
PR001940,Masculino,Y,2,Graduado,N,3153,1560.0,134.0,360.0,1.0,Urbana,Y
PR001945,Femenino,N,,Graduado,N,5417,0.0,143.0,480.0,0.0,Urbana,N
PR001949,Masculino,Y,3+,Graduado,,4416,1250.0,110.0,360.0,1.0,Urbana,Y
PR001954,Femenino,Y,1,Graduado,N,4666,0.0,135.0,360.0,1.0,Urbana,Y
PR001963,Masculino,Y,1,Graduado,N,2014,2925.0,113.0,360.0,1.0,Urbana,N
PR001964,Masculino,Y,0,No Graduado,N,1800,2934.0,93.0,360.0,0.0,Urbana,N
PR001972,Masculino,Y,,No Graduado,N,2875,1750.0,105.0,360.0,1.0,SemiUrbana,Y
PR001974,Femenino,N,0,Graduado,N,5000,0.0,132.0,360.0,1.0,Rural,Y
PR001977,Masculino,Y,1,Graduado,N,1625,1803.0,96.0,360.0,1.0,Urbana,Y
PR001978,Masculino,N,0,Graduado,N,4000,2500.0,140.0,360.0,1.0,Rural,Y
PR001993,Femenino,N,0,Graduado,N,3762,1666.0,135.0,360.0,1.0,Rural,Y
PR001994,Femenino,N,0,Graduado,N,2400,1863.0,104.0,360.0,0.0,Urbana,N
PR002002,Femenino,N,0,Graduado,N,2917,0.0,84.0,360.0,1.0,SemiUrbana,Y
PR002004,Masculino,N,0,No Graduado,N,2927,2405.0,111.0,360.0,1.0,SemiUrbana,Y
PR002006,Femenino,N,0,Graduado,N,2507,0.0,56.0,360.0,1.0,Rural,Y
PR002008,Masculino,Y,2,Graduado,Y,5746,0.0,144.0,84.0,,Rural,Y
PR002031,Masculino,Y,1,No Graduado,N,3399,1640.0,111.0,180.0,1.0,Urbana,Y
PR002035,Masculino,Y,2,Graduado,N,3717,0.0,120.0,360.0,1.0,SemiUrbana,Y
PR002036,Masculino,Y,0,Graduado,N,2058,2134.0,88.0,360.0,,Urbana,Y
PR002043,Femenino,N,1,Graduado,N,3541,0.0,112.0,360.0,,SemiUrbana,Y
PR002051,Masculino,Y,0,Graduado,N,2400,2167.0,115.0,360.0,1.0,SemiUrbana,Y
PR002053,Masculino,Y,3+,Graduado,N,4342,189.0,124.0,360.0,1.0,SemiUrbana,Y
PR002055,Femenino,N,0,Graduado,N,3166,2985.0,132.0,360.0,,Rural,Y
PR002068,Masculino,N,0,Graduado,N,4917,0.0,130.0,360.0,0.0,Rural,Y
PR002086,Femenino,Y,0,Graduado,N,4333,2451.0,110.0,360.0,1.0,Urbana,N
PR002087,Femenino,N,0,Graduado,N,2500,0.0,67.0,360.0,1.0,Urbana,Y
PR002097,Masculino,N,1,Graduado,N,4384,1793.0,117.0,360.0,1.0,Urbana,Y
PR002098,Masculino,N,0,Graduado,N,2935,0.0,98.0,360.0,1.0,SemiUrbana,Y
PR002100,Masculino,N,,Graduado,N,2833,0.0,71.0,360.0,1.0,Urbana,Y
PR002106,Masculino,Y,,Graduado,Y,5503,4490.0,70.0,,1.0,SemiUrbana,Y
PR002114,Femenino,N,0,Graduado,N,4160,0.0,71.0,360.0,1.0,SemiUrbana,Y
PR002116,Femenino,N,0,Graduado,N,2378,0.0,46.0,360.0,1.0,Rural,N
PR002126,Masculino,Y,3+,No Graduado,N,3173,0.0,74.0,360.0,1.0,SemiUrbana,Y
PR002128,Masculino,Y,2,Graduado,,2583,2330.0,125.0,360.0,1.0,Rural,Y
PR002131,Masculino,Y,2,No Graduado,N,3083,2168.0,126.0,360.0,1.0,Urbana,Y
PR002141,Masculino,Y,3+,Graduado,N,2666,2083.0,95.0,360.0,1.0,Rural,Y
PR002142,Femenino,Y,0,Graduado,Y,5500,0.0,105.0,360.0,0.0,Rural,N
PR002143,Femenino,Y,0,Graduado,N,2423,505.0,130.0,360.0,1.0,SemiUrbana,Y
PR002144,Femenino,N,,Graduado,N,3813,0.0,116.0,180.0,1.0,Urbana,Y
PR002151,Masculino,Y,1,Graduado,N,3875,0.0,67.0,360.0,1.0,Urbana,N
PR002158,Masculino,Y,0,No Graduado,N,3000,1666.0,100.0,480.0,0.0,Urbana,N
PR002161,Femenino,N,1,Graduado,N,4723,0.0,81.0,360.0,1.0,SemiUrbana,N
PR002175,Masculino,Y,0,Graduado,N,4750,2333.0,130.0,360.0,1.0,Urbana,Y
PR002178,Masculino,Y,0,Graduado,N,3013,3033.0,95.0,300.0,,Urbana,Y
PR002180,Masculino,N,0,Graduado,Y,6822,0.0,141.0,360.0,1.0,Rural,Y
PR002181,Masculino,N,0,No Graduado,N,6216,0.0,133.0,360.0,1.0,Rural,N
PR002187,Masculino,N,0,Graduado,N,2500,0.0,96.0,480.0,1.0,SemiUrbana,N
PR002188,Masculino,N,0,Graduado,N,5124,0.0,124.0,,0.0,Rural,N
PR002205,Masculino,N,1,Graduado,N,3062,1987.0,111.0,180.0,0.0,Urbana,N
PR002209,Femenino,N,0,Graduado,,2764,1459.0,110.0,360.0,1.0,Urbana,Y
PR002211,Masculino,Y,0,Graduado,N,4817,923.0,120.0,180.0,1.0,Urbana,Y
PR002219,Masculino,Y,3+,Graduado,N,8750,4996.0,130.0,360.0,1.0,Rural,Y
PR002223,Masculino,Y,0,Graduado,N,4310,0.0,130.0,360.0,,SemiUrbana,Y
PR002224,Masculino,N,0,Graduado,N,3069,0.0,71.0,480.0,1.0,Urbana,N
PR002225,Masculino,Y,2,Graduado,N,5391,0.0,130.0,360.0,1.0,Urbana,Y
PR002226,Masculino,Y,0,Graduado,,3333,2500.0,128.0,360.0,1.0,SemiUrbana,Y
PR002234,Masculino,N,0,Graduado,Y,7167,0.0,128.0,360.0,1.0,Urbana,Y
PR002236,Masculino,Y,2,Graduado,N,4566,0.0,100.0,360.0,1.0,Urbana,N
PR002237,Masculino,N,1,Graduado,,3667,0.0,113.0,180.0,1.0,Urbana,Y
PR002239,Masculino,N,0,No Graduado,N,2346,1600.0,132.0,360.0,1.0,SemiUrbana,Y
PR002244,Masculino,Y,0,Graduado,N,2333,2417.0,136.0,360.0,1.0,Urbana,Y
PR002250,Masculino,Y,0,Graduado,N,5488,0.0,125.0,360.0,1.0,Rural,Y
PR002263,Masculino,Y,0,Graduado,N,2583,2115.0,120.0,360.0,,Urbana,Y
PR002265,Masculino,Y,2,No Graduado,N,1993,1625.0,113.0,180.0,1.0,SemiUrbana,Y
PR002266,Masculino,Y,2,Graduado,N,3100,1400.0,113.0,360.0,1.0,Urbana,Y
PR002272,Masculino,Y,2,Graduado,N,3276,484.0,135.0,360.0,,SemiUrbana,Y
PR002277,Femenino,N,0,Graduado,N,3180,0.0,71.0,360.0,0.0,Urbana,N
PR002281,Masculino,Y,0,Graduado,N,3033,1459.0,95.0,360.0,1.0,Urbana,Y
PR002284,Masculino,N,0,No Graduado,N,3902,1666.0,109.0,360.0,1.0,Rural,Y
PR002287,Femenino,N,0,Graduado,N,1500,1800.0,103.0,360.0,0.0,SemiUrbana,N
PR002288,Masculino,Y,2,No Graduado,N,2889,0.0,45.0,180.0,0.0,Urbana,N
PR002296,Masculino,N,0,No Graduado,N,2755,0.0,65.0,300.0,1.0,Rural,N
PR002297,Masculino,N,0,Graduado,N,2500,20000.0,103.0,360.0,1.0,SemiUrbana,Y
PR002300,Femenino,N,0,No Graduado,N,1963,0.0,53.0,360.0,1.0,SemiUrbana,Y
PR002305,Femenino,N,0,Graduado,N,4547,0.0,115.0,360.0,1.0,SemiUrbana,Y
PR002308,Masculino,Y,0,No Graduado,N,2167,2400.0,115.0,360.0,1.0,Urbana,Y
PR002314,Femenino,N,0,No Graduado,N,2213,0.0,66.0,360.0,1.0,Rural,Y
PR002318,Femenino,N,1,No Graduado,Y,3867,0.0,62.0,360.0,1.0,SemiUrbana,N
PR002332,Masculino,Y,0,No Graduado,N,2253,2033.0,110.0,360.0,1.0,Rural,Y
PR002337,Femenino,N,0,Graduado,N,2995,0.0,60.0,360.0,1.0,Urbana,Y
PR002345,Masculino,Y,0,Graduado,N,1025,2773.0,112.0,360.0,1.0,Rural,Y
PR002347,Masculino,Y,0,Graduado,N,3246,1417.0,138.0,360.0,1.0,SemiUrbana,Y
PR002348,Masculino,Y,0,Graduado,N,5829,0.0,138.0,360.0,1.0,Rural,Y
PR002357,Femenino,N,0,No Graduado,N,2720,0.0,80.0,,0.0,Urbana,N
PR002361,Masculino,Y,0,Graduado,N,1820,1719.0,100.0,360.0,1.0,Urbana,Y
PR002362,Masculino,Y,1,Graduado,N,7250,1667.0,110.0,,0.0,Urbana,N
PR002366,Masculino,Y,0,Graduado,N,2666,4300.0,121.0,360.0,1.0,Rural,Y
PR002367,Femenino,N,1,No Graduado,N,4606,0.0,81.0,360.0,1.0,Rural,N
PR002368,Masculino,Y,2,Graduado,N,5935,0.0,133.0,360.0,1.0,SemiUrbana,Y
PR002369,Masculino,Y,0,Graduado,N,2920,16.12000084,87.0,360.0,1.0,Rural,Y
PR002370,Masculino,N,0,No Graduado,N,2717,0.0,60.0,180.0,1.0,Urbana,Y
PR002377,Femenino,N,1,Graduado,Y,8624,0.0,150.0,360.0,1.0,SemiUrbana,Y
PR002379,Masculino,N,0,Graduado,N,6500,0.0,105.0,360.0,0.0,Rural,N
PR002387,Masculino,Y,0,Graduado,N,2425,2340.0,143.0,360.0,1.0,SemiUrbana,Y
PR002390,Masculino,N,0,Graduado,N,3750,0.0,100.0,360.0,1.0,Urbana,Y
PR002398,Masculino,N,0,Graduado,N,1926,1851.0,50.0,360.0,1.0,SemiUrbana,Y
PR002407,Femenino,Y,0,No Graduado,Y,7142,0.0,138.0,360.0,1.0,Rural,Y
PR002418,Masculino,N,3+,No Graduado,N,4707,1993.0,148.0,360.0,1.0,SemiUrbana,Y
PR002429,Masculino,Y,1,Graduado,Y,3466,1210.0,130.0,360.0,1.0,Rural,Y
PR002434,Masculino,Y,2,No Graduado,N,4652,0.0,110.0,360.0,1.0,Rural,Y
PR002435,Masculino,Y,0,Graduado,,3539,1376.0,55.0,360.0,1.0,Rural,N
PR002443,Masculino,Y,2,Graduado,N,3340,1710.0,150.0,360.0,0.0,Rural,N
PR002446,Masculino,Y,2,No Graduado,N,2309,1255.0,125.0,360.0,0.0,Rural,N
PR002447,Masculino,Y,2,No Graduado,N,1958,1456.0,60.0,300.0,,Urbana,Y
PR002448,Masculino,Y,0,Graduado,N,3948,1733.0,149.0,360.0,0.0,Rural,N
PR002449,Masculino,Y,0,Graduado,N,2483,2466.0,90.0,180.0,0.0,Rural,Y
PR002453,Masculino,N,0,Graduado,Y,7085,0.0,84.0,360.0,1.0,SemiUrbana,Y
PR002455,Masculino,Y,2,Graduado,N,3859,0.0,96.0,360.0,1.0,SemiUrbana,Y
PR002459,Masculino,Y,0,Graduado,N,4301,0.0,118.0,360.0,1.0,Urbana,Y
PR002472,Masculino,N,2,Graduado,N,4354,0.0,136.0,360.0,1.0,Rural,Y
PR002484,Masculino,Y,3+,Graduado,N,7740,0.0,128.0,180.0,1.0,Urbana,Y
PR002489,Femenino,N,1,No Graduado,,5191,0.0,132.0,360.0,1.0,SemiUrbana,Y
PR002493,Masculino,N,0,Graduado,N,4166,0.0,98.0,360.0,0.0,SemiUrbana,N
PR002494,Masculino,N,0,Graduado,N,6000,0.0,140.0,360.0,1.0,Rural,Y
PR002500,Masculino,Y,3+,No Graduado,N,2947,1664.0,70.0,180.0,0.0,Urbana,N
PR002502,Femenino,Y,2,No Graduado,,210,2917.0,98.0,360.0,1.0,SemiUrbana,Y
PR002505,Masculino,Y,0,Graduado,N,4333,2451.0,110.0,360.0,1.0,Urbana,N
PR002517,Masculino,Y,1,No Graduado,N,2653,1500.0,113.0,180.0,0.0,Rural,N
PR002519,Masculino,Y,3+,Graduado,N,4691,0.0,100.0,360.0,1.0,SemiUrbana,Y
PR002522,Femenino,N,0,Graduado,Y,2500,0.0,93.0,360.0,,Urbana,Y
PR002530,,Y,2,Graduado,N,2873,1872.0,132.0,360.0,0.0,SemiUrbana,N
PR002536,Masculino,Y,3+,No Graduado,N,3095,0.0,113.0,360.0,1.0,Rural,Y
PR002537,Masculino,Y,0,Graduado,N,2083,3150.0,128.0,360.0,1.0,SemiUrbana,Y
PR002544,Masculino,Y,1,No Graduado,N,1958,2436.0,131.0,360.0,1.0,Rural,Y
PR002545,Masculino,N,2,Graduado,N,3547,0.0,80.0,360.0,0.0,Rural,N
PR002556,Masculino,N,0,Graduado,N,2435,0.0,75.0,360.0,1.0,Urbana,N
PR002560,Masculino,N,0,No Graduado,N,2699,2785.0,96.0,360.0,,SemiUrbana,Y
PR002571,Masculino,N,0,No Graduado,N,3691,0.0,110.0,360.0,1.0,Rural,Y
PR002585,Masculino,Y,0,Graduado,N,3597,2157.0,119.0,360.0,0.0,Rural,N
PR002586,Femenino,Y,1,Graduado,N,3326,913.0,105.0,84.0,1.0,SemiUrbana,Y
PR002587,Masculino,Y,0,No Graduado,N,2600,1700.0,107.0,360.0,1.0,Rural,Y
PR002588,Masculino,Y,0,Graduado,N,4625,2857.0,111.0,12.0,,Urbana,Y
PR002600,Masculino,Y,1,Graduado,Y,2895,0.0,95.0,360.0,1.0,SemiUrbana,Y
PR002603,Femenino,N,0,Graduado,N,645,3683.0,113.0,480.0,1.0,Rural,Y
PR002606,Femenino,N,0,Graduado,N,3159,0.0,100.0,360.0,1.0,SemiUrbana,Y
PR002618,Masculino,Y,1,No Graduado,N,4050,5302.0,138.0,360.0,,Rural,N
PR002619,Masculino,Y,0,No Graduado,N,3814,1483.0,124.0,300.0,1.0,SemiUrbana,Y
PR002625,,N,0,Graduado,N,3583,0.0,96.0,360.0,1.0,Urbana,N
PR002637,Masculino,N,0,No Graduado,N,3598,1287.0,100.0,360.0,1.0,Rural,N
PR002643,Masculino,Y,2,Graduado,N,3283,2035.0,148.0,360.0,1.0,Urbana,Y
PR002648,Masculino,Y,0,Graduado,N,2130,6666.0,70.0,180.0,1.0,SemiUrbana,N
PR002659,Masculino,Y,3+,Graduado,N,3466,3428.0,150.0,360.0,1.0,Rural,Y
PR002670,Femenino,Y,2,Graduado,N,2031,1632.0,113.0,480.0,1.0,SemiUrbana,Y
PR002682,Masculino,Y,,No Graduado,N,3074,1800.0,123.0,360.0,0.0,SemiUrbana,N
PR002684,Femenino,N,0,No Graduado,N,3400,0.0,95.0,360.0,1.0,Rural,N
PR002689,Masculino,Y,2,No Graduado,N,2192,1742.0,45.0,360.0,1.0,SemiUrbana,Y
PR002690,Masculino,N,0,Graduado,N,2500,0.0,55.0,360.0,1.0,SemiUrbana,Y
PR002692,Masculino,Y,3+,Graduado,Y,5677,1424.0,100.0,360.0,1.0,Rural,Y
PR002705,Masculino,Y,0,Graduado,N,3775,0.0,110.0,360.0,1.0,SemiUrbana,Y
PR002714,Masculino,N,1,No Graduado,N,2679,1302.0,94.0,360.0,1.0,SemiUrbana,Y
PR002716,Masculino,N,0,No Graduado,N,6783,0.0,130.0,360.0,1.0,SemiUrbana,Y
PR002720,Masculino,Y,3+,Graduado,N,4281,0.0,100.0,360.0,1.0,Urbana,Y
PR002723,Masculino,N,2,Graduado,N,3588,0.0,110.0,360.0,0.0,Rural,N
PR002732,Masculino,N,0,No Graduado,,2550,2042.0,126.0,360.0,1.0,Rural,Y
PR002738,Masculino,N,2,Graduado,N,3617,0.0,107.0,360.0,1.0,SemiUrbana,Y
PR002739,Masculino,Y,0,No Graduado,N,2917,536.0,66.0,360.0,1.0,Rural,N
PR002741,Femenino,Y,1,Graduado,N,4608,2845.0,140.0,180.0,1.0,SemiUrbana,Y
PR002743,Femenino,N,0,Graduado,N,2138,0.0,99.0,360.0,0.0,SemiUrbana,N
PR002753,Femenino,N,1,Graduado,,3652,0.0,95.0,360.0,1.0,SemiUrbana,Y
PR002755,Masculino,Y,1,No Graduado,N,2239,2524.0,128.0,360.0,1.0,Urbana,Y
PR002757,Femenino,Y,0,No Graduado,N,3017,663.0,102.0,360.0,,SemiUrbana,Y
PR002768,Masculino,N,0,No Graduado,N,3358,0.0,80.0,36.0,1.0,SemiUrbana,N
PR002772,Masculino,N,0,Graduado,N,2526,1783.0,145.0,360.0,1.0,Rural,Y
PR002776,Femenino,N,0,Graduado,N,5000,0.0,103.0,360.0,0.0,SemiUrbana,N
PR002777,Masculino,Y,0,Graduado,N,2785,2016.0,110.0,360.0,1.0,Rural,Y
PR002789,Masculino,Y,0,Graduado,N,3593,4266.0,132.0,180.0,0.0,Rural,N
PR002792,Masculino,Y,1,Graduado,N,5468,1032.0,26.0,360.0,1.0,SemiUrbana,Y
PR002794,Femenino,N,0,Graduado,N,2667,1625.0,84.0,360.0,,Urbana,Y
PR002807,Masculino,Y,2,No Graduado,N,3675,242.0,108.0,360.0,1.0,SemiUrbana,Y
PR002821,Masculino,N,0,No Graduado,Y,5800,0.0,132.0,360.0,1.0,SemiUrbana,Y
PR002833,Masculino,Y,0,No Graduado,N,4467,0.0,120.0,360.0,,Rural,Y
PR002836,Masculino,N,0,Graduado,N,3333,0.0,70.0,360.0,1.0,Urbana,Y
PR002837,Masculino,Y,3+,Graduado,N,3400,2500.0,123.0,360.0,0.0,Rural,N
PR002840,Femenino,N,0,Graduado,N,2378,0.0,9.0,360.0,1.0,Urbana,N
PR002841,Masculino,Y,0,Graduado,N,3166,2064.0,104.0,360.0,0.0,Urbana,N
PR002863,Masculino,Y,3+,Graduado,N,6406,0.0,150.0,360.0,1.0,SemiUrbana,N
PR002868,Masculino,Y,2,Graduado,N,3159,461.0,108.0,84.0,1.0,Urbana,Y
PR002872,,Y,0,Graduado,N,3087,2210.0,136.0,360.0,0.0,SemiUrbana,N
PR002874,Masculino,N,0,Graduado,N,3229,2739.0,110.0,360.0,1.0,Urbana,Y
PR002877,Masculino,Y,1,Graduado,N,1782,2232.0,107.0,360.0,1.0,Rural,Y
PR002893,Masculino,N,0,Graduado,N,1836,33837.0,90.0,360.0,1.0,Urbana,N
PR002894,Femenino,Y,0,Graduado,N,3166,0.0,36.0,360.0,1.0,SemiUrbana,Y
PR002898,Masculino,Y,1,Graduado,N,1880,0.0,61.0,360.0,,Rural,N
PR002911,Masculino,Y,1,Graduado,N,2787,1917.0,146.0,360.0,0.0,Rural,N
PR002916,Masculino,Y,0,Graduado,N,2297,1522.0,104.0,360.0,1.0,Urbana,Y
PR002917,Femenino,N,0,No Graduado,N,2165,0.0,70.0,360.0,1.0,SemiUrbana,Y
PR002925,,N,0,Graduado,N,4750,0.0,94.0,360.0,1.0,SemiUrbana,Y
PR002926,Masculino,Y,2,Graduado,Y,2726,0.0,106.0,360.0,0.0,SemiUrbana,N
PR002928,Masculino,Y,0,Graduado,N,3000,3416.0,56.0,180.0,1.0,SemiUrbana,Y
PR002936,Masculino,Y,0,Graduado,N,3859,3300.0,142.0,180.0,1.0,Rural,Y
PR002940,Masculino,N,0,No Graduado,N,3833,0.0,110.0,360.0,1.0,Rural,Y
PR002943,Masculino,N,,Graduado,N,2987,0.0,88.0,360.0,0.0,SemiUrbana,N
PR002953,Masculino,Y,3+,Graduado,N,5703,0.0,128.0,360.0,1.0,Urbana,Y
PR002974,Masculino,Y,0,Graduado,N,3232,1950.0,108.0,360.0,1.0,Rural,Y
PR002978,Femenino,N,0,Graduado,N,2900,0.0,71.0,360.0,1.0,Rural,Y
PR002979,Masculino,Y,3+,Graduado,N,4106,0.0,40.0,180.0,1.0,Rural,Y
PR002990,Femenino,N,0,Graduado,Y,4583,0.0,133.0,360.0,0.0,SemiUrbana,N
